City_ID,City,Country,Date,Lat,Lng,Max Temp,Humidity,Cloudiness,Wind Speed
0,Upernavik,GL,2022-10-03 19:58:18,72.7868,-56.1549,23.45,76,100,8.52
1,Rikitea,PF,2022-10-03 19:58:18,-23.1203,-134.9692,70.74,76,90,18.68
2,Bratsk,RU,2022-10-03 19:58:19,56.1325,101.6142,25.29,94,81,4.41
3,Albany,US,2022-10-03 19:53:42,42.6001,-73.9662,56.34,54,100,5.95
4,Mataura,NZ,2022-10-03 19:58:19,-46.1927,168.8643,42.48,67,100,3.53
5,Punta Arenas,CL,2022-10-03 19:54:36,-53.15,-70.9167,51.82,76,75,8.05
6,Port Elizabeth,ZA,2022-10-03 19:58:20,-33.918,25.5701,63.1,81,0,14.97
7,Hambantota,LK,2022-10-03 19:58:20,6.1241,81.1185,79.07,79,97,17.98
8,Jacareacanga,BR,2022-10-03 19:58:21,-6.2222,-57.7528,76.55,87,95,3.98
9,Ixtapa,MX,2022-10-03 19:58:21,20.7,-105.2,77.14,94,100,3.02
10,Tasiilaq,GL,2022-10-03 19:56:27,65.6145,-37.6368,34.03,98,100,4.88
11,Grindavik,IS,2022-10-03 19:58:21,63.8424,-22.4338,46.35,93,100,13.8
12,Mount Isa,AU,2022-10-03 19:58:22,-20.7333,139.5,62.37,67,36,0.0
13,Busselton,AU,2022-10-03 19:58:22,-33.65,115.3333,47.43,80,0,10.98
14,Mishan,CN,2022-10-03 19:58:23,45.55,131.8833,34.18,79,44,7.07
15,Santa Marta,CO,2022-10-03 19:56:40,11.2408,-74.199,93.25,59,20,5.75
16,Muisne,EC,2022-10-03 19:58:24,0.6,-80.0333,77.2,82,97,10.87
17,Carmen,MX,2022-10-03 19:58:24,18.6333,-91.8333,82.63,63,10,11.3
18,Isangel,VU,2022-10-03 19:58:25,-19.55,169.2667,73.6,82,100,16.02
19,Tessalit,ML,2022-10-03 19:58:25,20.1986,1.0114,92.55,10,0,11.39
20,Qaanaaq,GL,2022-10-03 19:58:26,77.484,-69.3632,16.21,73,100,6.2
21,Port Shepstone,ZA,2022-10-03 19:58:26,-30.7414,30.455,68.32,78,77,19.51
22,Faanui,PF,2022-10-03 19:58:27,-16.4833,-151.75,78.66,74,5,16.4
23,Singaraja,ID,2022-10-03 19:58:27,-8.112,115.0882,79.11,85,93,4.65
24,De-Kastri,RU,2022-10-03 19:58:28,51.4667,140.7833,36.91,99,100,6.13
25,Troitsko-Pechorsk,RU,2022-10-03 19:58:28,62.7084,56.1964,43.25,93,100,3.31
26,Vaini,TO,2022-10-03 19:58:29,-21.2,-175.2,77.16,83,20,5.75
27,East London,ZA,2022-10-03 19:58:29,-33.0153,27.9116,64.36,73,100,12.35
28,La Ronge,CA,2022-10-03 19:58:29,55.1001,-105.2842,55.65,41,40,3.44
29,Hobart,AU,2022-10-03 19:58:30,-42.8794,147.3294,47.26,77,75,12.66
30,Nemuro,JP,2022-10-03 19:58:30,43.3236,145.575,64.89,91,61,23.62
31,Ponta Do Sol,PT,2022-10-03 19:58:31,32.6667,-17.1,72.72,85,41,3.4
32,Bluff,NZ,2022-10-03 19:56:29,-46.6,168.3333,42.8,72,99,24.49
33,Basoko,CD,2022-10-03 19:58:31,1.2391,23.616,74.71,77,100,1.12
34,Arraial Do Cabo,BR,2022-10-03 19:58:32,-22.9661,-42.0278,71.46,68,75,9.22
35,Deputatskiy,RU,2022-10-03 19:58:33,69.3,139.9,9.64,94,100,5.12
36,La Cruz,MX,2022-10-03 19:58:34,23.9167,-106.9,86.23,45,59,6.44
37,Poum,NC,2022-10-03 19:58:34,-20.2333,164.0167,73.06,69,1,17.36
38,Constitucion,CL,2022-10-03 19:58:35,-35.3333,-72.4167,55.49,69,15,7.52
39,Zhireken,RU,2022-10-03 19:58:36,52.8249,117.3076,20.68,52,3,3.2
40,Lakatoro,VU,2022-10-03 19:58:37,-16.0999,167.4164,78.53,81,12,6.38
41,Kahului,US,2022-10-03 19:54:51,20.8947,-156.47,78.82,88,100,13.8
42,Roma,US,2022-10-03 19:54:46,43.2128,-75.4557,59.38,53,100,1.01
43,Saint-Michel-Des-Saints,CA,2022-10-03 19:58:38,46.6834,-73.9159,53.94,30,42,3.33
44,Saint-Philippe,RE,2022-10-03 19:56:16,-21.3585,55.7679,71.19,80,42,11.56
45,Mount Gambier,AU,2022-10-03 19:57:57,-37.8333,140.7667,51.26,94,100,10.02
46,Kruisfontein,ZA,2022-10-03 19:58:39,-34.0033,24.7314,60.89,73,100,15.46
47,Hermanus,ZA,2022-10-03 19:58:39,-34.4187,19.2345,52.81,75,1,9.95
48,Changji,CN,2022-10-03 19:58:04,44.0167,87.3167,41.79,52,0,4.47
49,Sao Filipe,CV,2022-10-03 19:59:40,14.8961,-24.4956,79.09,82,100,14.58
50,Assiniboia,CA,2022-10-03 19:59:40,49.6334,-105.9845,62.42,55,88,5.75
51,Mabaruma,GY,2022-10-03 19:59:41,8.2,-59.7833,80.67,89,95,3.49
52,Ilulissat,GL,2022-10-03 19:59:42,69.2167,-51.1,21.38,84,20,1.01
53,Nikolskoye,RU,2022-10-03 19:59:42,59.7035,30.7861,44.49,97,100,10.27
54,Ribeira Grande,PT,2022-10-03 19:59:43,38.5167,-28.7,72.0,83,20,9.22
55,Iqaluit,CA,2022-10-03 19:59:43,63.7506,-68.5145,35.33,93,100,19.57
56,Camana,PE,2022-10-03 19:59:44,-16.6228,-72.7111,64.22,72,19,7.11
57,Marsala,IT,2022-10-03 19:59:44,37.7966,12.4352,69.93,68,6,13.13
58,Esperance,AU,2022-10-03 19:59:45,-33.8667,121.9,55.24,92,100,13.51
59,Cape Town,ZA,2022-10-03 19:56:18,-33.9258,18.4232,59.41,68,20,5.75
60,Havre-Saint-Pierre,CA,2022-10-03 19:56:38,50.2334,-63.5986,48.56,61,0,18.41
61,Te Anau,NZ,2022-10-03 19:59:46,-45.4167,167.7167,41.77,77,100,5.37
62,Cherskiy,RU,2022-10-03 19:59:46,68.75,161.3,24.48,81,100,6.58
63,Jamestown,US,2022-10-03 19:55:46,42.097,-79.2353,57.06,42,0,9.22
64,Ushuaia,AR,2022-10-03 19:56:19,-54.8,-68.3,51.42,61,75,3.44
65,Chuy,UY,2022-10-03 19:59:47,-33.6971,-53.4616,58.35,64,30,13.53
66,Norman Wells,CA,2022-10-03 19:59:47,65.282,-126.8329,35.64,93,100,0.0
67,Sonoita,MX,2022-10-03 19:59:48,31.85,-112.8333,90.63,31,0,3.62
68,Santa Maria,BR,2022-10-03 19:59:48,-29.6842,-53.8069,70.9,46,40,4.61
69,Suluq,LY,2022-10-03 19:59:48,31.6682,20.2521,73.94,67,0,9.28
70,Kapaa,US,2022-10-03 19:59:49,22.0752,-159.319,82.47,67,30,3.0
71,Butaritari,KI,2022-10-03 19:59:49,3.0707,172.7902,81.37,73,19,11.59
72,Tommot,RU,2022-10-03 19:59:49,58.9564,126.2925,24.84,97,98,2.62
73,Laguna,US,2022-10-03 19:59:50,38.421,-121.4238,84.34,46,0,3.0
74,Boyolangu,ID,2022-10-03 19:59:50,-8.1181,111.8935,75.6,89,99,5.3
75,Mount Vernon,US,2022-10-03 19:59:51,40.9126,-73.8371,54.16,67,100,13.6
76,Mountain Home,US,2022-10-03 19:59:51,43.133,-115.6912,73.11,26,17,3.78
77,Georgetown,MY,2022-10-03 19:55:45,5.4112,100.3354,78.89,91,20,2.3
78,Scottsbluff,US,2022-10-03 19:57:18,41.8666,-103.6672,73.56,43,18,1.01
79,Kirakira,SB,2022-10-03 19:59:52,-10.4544,161.9205,79.38,84,56,7.18
80,Atuona,PF,2022-10-03 19:59:52,-9.8,-139.0333,76.59,72,17,18.88
81,Itarema,BR,2022-10-03 19:59:53,-2.9248,-39.9167,80.35,69,13,16.02
82,Khatanga,RU,2022-10-03 19:59:53,71.9667,102.5,13.73,92,99,7.31
83,Port Alfred,ZA,2022-10-03 19:59:54,-33.5906,26.891,59.18,89,87,3.0
84,Buala,SB,2022-10-03 19:59:54,-8.145,159.5921,80.62,81,93,6.91
85,Port Hedland,AU,2022-10-03 19:59:55,-20.3167,118.5667,68.05,88,0,6.91
86,Lasa,IT,2022-10-03 19:59:55,46.6166,10.7002,52.36,76,58,5.64
87,North Bend,US,2022-10-03 19:59:56,43.4065,-124.2243,58.91,91,100,0.0
88,Leningradskiy,RU,2022-10-03 19:59:56,69.3833,178.4167,30.45,93,100,7.31
89,Tuktoyaktuk,CA,2022-10-03 19:59:57,69.4541,-133.0374,24.8,86,100,13.8
90,Provideniya,RU,2022-10-03 19:59:57,64.3833,-173.3,37.2,73,27,7.92
91,Pisco,PE,2022-10-03 20:00:58,-13.7,-76.2167,64.02,78,13,9.53
92,Storsteinnes,NO,2022-10-03 20:00:58,69.2408,19.2344,43.38,91,99,2.42
93,Mahajanga,MG,2022-10-03 20:01:00,-15.7167,46.3167,69.82,83,0,2.3
94,Nabire,ID,2022-10-03 20:01:00,-3.3667,135.4833,74.61,94,100,2.06
95,San Quintin,MX,2022-10-03 20:01:00,30.4833,-115.95,71.94,74,74,16.08
96,Puerto Ayora,EC,2022-10-03 19:56:23,-0.7393,-90.3518,73.36,92,94,5.01
97,Aswan,EG,2022-10-03 20:01:01,24.0934,32.907,89.08,21,0,12.46
98,Bethel,US,2022-10-03 19:59:54,41.3712,-73.414,53.02,72,100,4.0
99,Buraydah,SA,2022-10-03 20:01:02,26.326,43.975,81.9,12,5,11.72
100,Kirensk,RU,2022-10-03 20:01:03,57.7853,108.1119,24.98,99,85,1.79
101,Okhotsk,RU,2022-10-03 20:01:03,59.3833,143.3,34.68,61,100,3.8
102,Okahandja,NA,2022-10-03 20:01:04,-21.9833,16.9167,77.65,12,0,8.32
103,Tazovskiy,RU,2022-10-03 20:01:05,67.4667,78.7,36.09,97,100,19.73
104,Ucluelet,CA,2022-10-03 20:01:07,48.9329,-125.5528,63.48,76,37,5.57
105,Pundaguitan,PH,2022-10-03 20:01:07,6.3711,126.1689,81.73,74,100,7.18
106,Brae,GB,2022-10-03 20:01:07,60.3964,-1.353,53.65,91,100,23.31
107,Sitka,US,2022-10-03 20:01:09,57.0531,-135.33,54.37,69,99,1.54
108,Amalapuram,IN,2022-10-03 20:01:10,16.5833,82.0167,76.62,94,100,2.53
109,Gweta,BW,2022-10-03 20:01:10,-20.1833,25.2333,79.0,16,0,7.38
110,Bundaberg,AU,2022-10-03 20:01:10,-24.85,152.35,60.94,69,0,6.62
111,Barra Do Garcas,BR,2022-10-03 20:00:34,-15.89,-52.2567,95.77,28,63,2.98
112,Amahai,ID,2022-10-03 20:01:11,-3.3333,128.9167,77.41,87,80,3.51
113,Hay River,CA,2022-10-03 20:01:12,60.8156,-115.7999,55.96,39,98,4.0
114,Cap Malheureux,MU,2022-10-03 20:01:13,-19.9842,57.6142,71.47,69,86,4.0
115,Montecristo,CO,2022-10-03 20:01:13,8.2971,-74.4733,90.52,62,67,1.21
116,Barrow,US,2022-10-03 20:01:14,71.2906,-156.7887,26.62,86,100,20.71
117,Hofn,IS,2022-10-03 20:01:15,64.2539,-15.2082,48.69,91,100,10.74
118,Omboue,GA,2022-10-03 20:01:15,-1.5746,9.2618,76.17,86,100,5.39
119,Dikson,RU,2022-10-03 19:59:36,73.5069,80.5464,32.23,99,100,9.15
120,Coahuayana,MX,2022-10-03 20:01:16,18.7333,-103.6833,81.97,81,99,4.23
121,Comodoro Rivadavia,AR,2022-10-03 20:01:16,-45.8667,-67.5,63.45,45,100,13.4
122,Portage,US,2022-10-03 20:01:17,41.1667,-81.1998,66.61,36,0,8.05
123,Aberdeen,GB,2022-10-03 20:01:18,57.1437,-2.0981,55.49,90,40,16.11
124,Meulaboh,ID,2022-10-03 20:01:18,4.1363,96.1285,74.39,93,100,3.06
125,Tiksi,RU,2022-10-03 20:01:19,71.6872,128.8694,21.45,90,99,10.33
126,Mackenzie,CA,2022-10-03 20:01:19,55.2999,-123.1698,65.86,42,84,4.18
127,Lazaro Cardenas,MX,2022-10-03 20:01:23,17.9583,-102.2,83.26,72,58,6.31
128,Yellowknife,CA,2022-10-03 20:01:24,62.456,-114.3525,44.6,60,100,8.01
129,Semnan,IR,2022-10-03 20:01:24,35.5729,53.3971,69.78,32,0,0.74
130,Aksay,RU,2022-10-03 20:01:25,47.26,39.87,59.25,73,100,15.99
131,Gohana,IN,2022-10-03 19:57:23,29.1333,76.7,78.04,48,0,3.42
132,Bathsheba,BB,2022-10-03 20:01:26,13.2167,-59.5167,83.57,75,74,12.59
133,Longyearbyen,SJ,2022-10-03 20:01:26,78.2186,15.6401,37.24,87,75,4.61
134,Naples,IT,2022-10-03 20:01:27,40.8333,14.25,72.21,65,0,11.5
135,Labrea,BR,2022-10-03 20:01:27,-7.2586,-64.7981,92.25,44,66,2.73
136,Yorosso,ML,2022-10-03 20:01:28,12.3536,-4.7761,82.22,62,93,1.95
137,Victoria,HK,2022-10-03 19:59:39,22.2855,114.1577,84.18,83,12,5.1
138,Zharkent,KZ,2022-10-03 20:01:29,44.1628,80.0,59.45,27,100,3.22
139,Naze,JP,2022-10-03 20:01:29,28.3667,129.4833,76.14,79,17,8.23
140,Lorengau,PG,2022-10-03 20:02:30,-2.0226,147.2712,81.01,77,99,6.87
141,Misawa,JP,2022-10-03 19:57:58,40.6836,141.3597,70.61,85,96,8.16
142,Milkovo,RU,2022-10-03 20:02:31,54.7167,158.6167,42.31,87,100,1.59
143,Bredasdorp,ZA,2022-10-03 20:02:31,-34.5322,20.0403,53.02,81,0,7.78
144,Mollendo,PE,2022-10-03 20:02:31,-17.0231,-72.0147,63.5,72,36,7.38
145,Paka,MY,2022-10-03 20:02:32,4.6374,103.4368,76.6,89,99,3.53
146,Lavrentiya,RU,2022-10-03 20:02:32,65.5833,-171.0,36.72,72,1,6.46
147,Allanridge,ZA,2022-10-03 20:02:33,-27.7543,26.6438,70.99,21,14,8.05
148,Bandarbeyla,SO,2022-10-03 20:02:33,9.4942,50.8122,77.54,81,89,17.2
149,Manaure,CO,2022-10-03 20:02:34,11.7751,-72.4445,90.75,52,5,15.93
150,Kenai,US,2022-10-03 20:02:34,60.5544,-151.2583,51.15,86,92,3.74
151,Tambacounda,SN,2022-10-03 20:02:35,13.7539,-13.7586,81.25,75,100,5.79
152,Boditi,ET,2022-10-03 20:02:36,6.9667,37.8667,60.31,83,99,2.1
153,Saint-Gaudens,FR,2022-10-03 20:02:37,43.0833,0.6667,56.01,87,67,3.38
154,Huesca,ES,2022-10-03 20:02:38,42.1362,-0.4087,72.1,55,0,0.0
155,Penzance,GB,2022-10-03 20:02:38,50.1186,-5.5371,57.88,92,33,10.25
156,Muros,ES,2022-10-03 20:02:39,42.7762,-9.0603,63.09,89,0,0.92
157,Mangrol,IN,2022-10-03 20:02:39,21.1167,70.1167,79.97,77,3,7.29
158,Kodiak,US,2022-10-03 20:00:51,57.79,-152.4072,49.51,76,100,8.05
159,Bhimunipatnam,IN,2022-10-03 20:02:39,17.8833,83.4333,80.11,83,100,4.29
160,Iglesias,IT,2022-10-03 20:02:40,39.3114,8.535,67.42,80,15,4.61
161,Goure,NE,2022-10-03 20:02:40,13.9835,10.2704,93.07,17,19,8.39
162,Abu Samrah,SY,2022-10-03 20:02:41,35.3029,37.1841,75.74,65,0,7.18
163,Aromashevo,RU,2022-10-03 20:02:41,56.8602,68.6375,42.01,53,100,13.6
164,Clyde River,CA,2022-10-03 20:02:38,70.4692,-68.5914,30.43,100,100,9.22
165,Vestmanna,FO,2022-10-03 20:02:41,62.1564,-7.1664,49.12,93,100,33.38
166,Komsomolskiy,UZ,2022-10-03 20:02:42,40.4272,71.7189,61.52,44,6,6.91
167,Isla Mujeres,MX,2022-10-03 20:02:42,21.2311,-86.731,82.51,65,21,10.38
168,Hilo,US,2022-10-03 20:02:43,19.7297,-155.09,88.29,85,93,5.99
169,Loandjili,CG,2022-10-03 20:02:43,-4.7561,11.8578,76.68,85,98,7.96
170,Kasangulu,CD,2022-10-03 20:02:44,-4.5911,15.1708,77.16,72,97,2.51
171,Mason City,US,2022-10-03 20:02:25,43.1536,-93.201,74.32,43,0,12.66
172,Hithadhoo,MV,2022-10-03 20:00:49,-0.6,73.0833,81.95,70,100,13.31
173,Bambous Virieux,MU,2022-10-03 20:02:44,-20.3428,57.7575,71.22,78,20,9.22
174,Tatawin,TN,2022-10-03 20:02:44,32.9297,10.4518,73.42,44,3,2.71
175,Vangaindrano,MG,2022-10-03 20:02:45,-23.35,47.6,68.31,91,9,7.45
176,Kavieng,PG,2022-10-03 20:02:45,-2.5744,150.7967,82.17,74,100,12.48
177,Bubaque,GW,2022-10-03 20:02:46,11.2833,-15.8333,82.78,72,78,4.52
178,Acapulco,MX,2022-10-03 20:00:04,16.8634,-99.8901,84.97,69,9,7.96
179,Orocue,CO,2022-10-03 20:02:46,4.7912,-71.3354,85.24,67,93,4.12
180,Sibiti,CG,2022-10-03 20:02:47,-3.6819,13.3499,70.65,91,99,3.06
181,Malanje,AO,2022-10-03 20:02:48,-9.5402,16.341,69.62,77,24,7.43
182,Lebu,CL,2022-10-03 20:02:48,-37.6167,-73.65,53.87,83,100,12.1
183,Puurmani,EE,2022-10-03 20:02:48,58.5738,26.2878,43.29,85,100,14.16
184,Cabo San Lucas,MX,2022-10-03 20:00:10,22.8909,-109.9124,94.6,54,0,4.56
185,Mar Del Plata,AR,2022-10-03 20:02:11,-38.0023,-57.5575,54.95,74,28,5.01
186,Avarua,CK,2022-10-03 20:02:49,-21.2078,-159.775,77.05,73,20,20.71
187,Saint George,US,2022-10-03 20:00:16,37.1041,-113.5841,84.25,35,0,14.97
188,Zalantun,CN,2022-10-03 20:02:50,48.0,122.7167,28.42,45,0,6.58
189,Airai,TL,2022-10-03 20:03:50,-8.9266,125.4092,61.61,92,99,1.19
190,Batagay,RU,2022-10-03 20:03:51,67.6333,134.6333,20.32,97,100,1.23
191,Chirongui,YT,2022-10-03 20:03:51,-12.9319,45.1483,73.33,69,10,5.41
192,Ballina,AU,2022-10-03 20:03:52,-28.8667,153.5667,53.02,99,55,3.56
193,Baghdad,IQ,2022-10-03 19:59:05,33.3406,44.4009,78.71,27,0,3.44
194,Palmer,US,2022-10-03 19:58:57,42.1584,-72.3287,55.24,62,100,5.01
195,Casa Grande,US,2022-10-03 20:03:53,32.8795,-111.7573,96.78,27,0,5.75
196,Hualmay,PE,2022-10-03 20:03:53,-11.0964,-77.6139,66.56,73,14,12.03
197,Killybegs,IE,2022-10-03 20:03:54,54.6333,-8.45,61.21,84,100,27.22
198,Naica,MX,2022-10-03 20:03:54,27.85,-105.4833,78.51,31,41,16.02
199,Leh,IN,2022-10-03 20:03:54,34.1667,77.5833,46.02,44,1,5.5
200,Mitu,CO,2022-10-03 20:03:55,1.1983,-70.1733,86.88,58,60,1.3
201,Kupang,ID,2022-10-03 20:01:58,-10.1667,123.5833,78.49,83,100,3.94
202,Shimoda,JP,2022-10-03 20:03:55,34.6667,138.95,68.11,76,35,6.62
203,Padang,ID,2022-10-03 20:03:56,-0.9492,100.3543,77.13,86,100,3.13
204,Shingu,JP,2022-10-03 20:03:57,33.7333,135.9833,68.92,84,32,4.05
205,Coihaique,CL,2022-10-03 20:01:02,-45.5752,-72.0662,58.3,55,100,7.96
206,Narsaq,GL,2022-10-03 20:03:58,60.9167,-46.05,41.22,64,16,2.39
207,Guerrero Negro,MX,2022-10-03 20:03:58,27.9769,-114.0611,73.2,69,84,16.35
208,Kudat,MY,2022-10-03 20:03:59,6.8837,116.8477,78.28,86,100,7.54
209,Senno,RU,2022-10-03 20:04:01,59.5336,33.9167,51.91,90,100,11.92
210,Gillette,US,2022-10-03 20:04:01,44.2911,-105.5022,60.94,59,75,7.0
211,Bereda,ES,2022-10-03 20:04:02,43.2686,-7.5406,60.15,87,5,0.25
212,Yumen,CN,2022-10-03 20:04:02,40.2833,97.2,41.74,27,0,13.8
213,Whyalla,AU,2022-10-03 20:04:03,-33.0333,137.5833,63.64,67,100,14.2
214,Limbang,MY,2022-10-03 20:04:03,4.75,115.0,75.31,99,100,1.88
215,Chokurdakh,RU,2022-10-03 20:04:04,70.6333,147.9167,20.82,91,100,5.7
216,Uddevalla,SE,2022-10-03 20:04:05,58.3478,11.9424,48.56,92,9,2.37
217,Dingle,PH,2022-10-03 20:04:06,10.9995,122.6711,76.33,90,100,3.8
218,Impfondo,CG,2022-10-03 20:04:06,1.6381,18.0667,69.3,98,91,0.96
219,Aklavik,CA,2022-10-03 20:04:07,68.2191,-135.0107,27.7,88,84,5.28
220,Bentiu,SS,2022-10-03 20:04:07,9.2333,29.8333,70.61,89,100,6.6
221,Aksha,RU,2022-10-03 20:04:08,50.2814,113.2867,23.27,80,22,4.83
222,Qaqortoq,GL,2022-10-03 20:04:08,60.7167,-46.0333,37.17,69,11,6.69
223,Bengkulu,ID,2022-10-03 20:04:09,-3.8004,102.2655,76.05,89,100,2.77
224,Kavaratti,IN,2022-10-03 20:04:10,10.5669,72.642,81.66,77,100,16.2
225,Gornopravdinsk,RU,2022-10-03 20:04:10,60.05,69.9,43.23,88,100,10.85
226,Viedma,AR,2022-10-03 20:04:11,-40.8135,-62.9967,64.0,43,100,22.7
227,Nouadhibou,MR,2022-10-03 20:04:11,20.931,-17.0347,74.52,78,62,16.11
228,Mandalgovi,MN,2022-10-03 20:04:12,45.7625,106.2708,25.07,34,0,7.09
229,Palizada,MX,2022-10-03 20:04:13,18.25,-92.0833,87.15,53,49,5.14
230,Antalaha,MG,2022-10-03 20:04:13,-14.9003,50.2788,66.07,87,15,5.97
231,Sovetskiy,RU,2022-10-03 20:04:13,61.3614,63.5842,43.84,98,89,5.7
232,Cariacica,BR,2022-10-03 20:04:14,-20.2639,-40.42,76.39,86,100,3.85
233,Tornio,FI,2022-10-03 20:04:14,65.8481,24.1466,46.42,95,93,4.34
234,Kunyang,CN,2022-10-03 20:05:15,27.6658,120.5658,71.91,92,0,3.42
235,Diamantino,BR,2022-10-03 20:00:18,-14.4086,-56.4461,93.76,36,81,4.7
236,Yulara,AU,2022-10-03 20:05:15,-25.2406,130.9889,60.44,72,63,8.88
237,Okha,RU,2022-10-03 20:05:16,53.5739,142.9478,38.17,97,100,13.71
238,Vyatskiye Polyany,RU,2022-10-03 20:05:16,56.226,51.0656,52.25,51,37,12.48
239,Castro,BR,2022-10-03 20:05:17,-24.7911,-50.0119,63.82,86,88,3.09
240,Ilo,PE,2022-10-03 20:05:17,-17.6394,-71.3375,61.66,67,100,11.5
241,Dalian,CN,2022-10-03 20:05:17,38.9122,121.6022,48.13,49,20,20.13
242,Bilibino,RU,2022-10-03 20:05:18,68.0546,166.4372,22.5,86,100,3.67
243,Zyryanskoye,RU,2022-10-03 20:05:18,56.8306,86.6258,28.99,81,20,3.04
244,Souillac,MU,2022-10-03 20:01:09,-20.5167,57.5167,70.18,78,20,9.22
245,Kashi,CN,2022-10-03 20:05:19,39.4547,75.9797,52.21,54,100,9.01
246,Touros,BR,2022-10-03 20:05:19,-5.1989,-35.4608,78.58,69,18,15.84
247,Carnarvon,AU,2022-10-03 20:05:20,-24.8667,113.6333,65.28,60,0,13.6
248,Whitecourt,CA,2022-10-03 20:05:21,54.1502,-115.6855,65.93,48,53,4.88
249,Chicama,PE,2022-10-03 20:05:21,-7.8447,-79.1469,59.54,59,10,10.87
250,Adrar,MR,2022-10-03 20:05:21,20.5022,-10.0711,95.45,24,99,0.56
251,College,US,2022-10-03 20:05:22,64.8569,-147.8028,44.08,88,75,6.91
252,Aasiaat,GL,2022-10-03 20:05:24,68.7098,-52.8699,27.18,86,20,5.03
253,Los Llanos De Aridane,ES,2022-10-03 20:05:24,28.6585,-17.9182,71.35,78,40,8.05
254,Am Timan,TD,2022-10-03 20:05:25,11.0297,20.2827,70.74,84,100,4.56
255,Khaniotis,GR,2022-10-03 20:05:25,39.9991,23.58,71.71,57,69,9.19
256,Majene,ID,2022-10-03 20:05:26,-3.5403,118.9707,78.22,87,99,3.44
257,Lixourion,GR,2022-10-03 20:05:26,38.2019,20.4314,69.8,83,20,12.66
258,High Level,CA,2022-10-03 20:05:27,58.5169,-117.136,62.69,24,100,6.15
259,Atasu,KZ,2022-10-03 20:05:28,48.6814,71.6433,35.02,37,0,9.8
260,Niquero,CU,2022-10-03 20:05:28,20.0431,-77.5828,82.9,73,84,3.38
261,Solotcha,RU,2022-10-03 20:05:29,54.7917,39.8442,51.15,81,84,16.08
262,Fare,PF,2022-10-03 20:05:30,-16.7,-151.0167,78.55,74,0,15.12
263,Panguipulli,CL,2022-10-03 20:02:47,-39.6333,-72.3333,60.96,45,96,7.02
264,Naryan-Mar,RU,2022-10-03 20:02:07,67.6713,53.087,38.52,88,98,7.78
265,Hwange,ZW,2022-10-03 20:05:30,-18.3693,26.5019,77.99,24,0,1.07
266,Kuryk,KZ,2022-10-03 20:05:31,43.2,51.65,64.0,20,100,18.16
267,Lukovetskiy,RU,2022-10-03 20:05:31,64.2956,41.9211,38.64,89,100,6.96
268,Severo-Kurilsk,RU,2022-10-03 20:05:32,50.6789,156.125,48.94,89,97,8.23
269,Bor,RU,2022-10-03 20:05:32,56.3567,44.0669,53.53,71,100,9.69
270,Coquimbo,CL,2022-10-03 20:03:27,-29.9533,-71.3436,57.51,74,100,7.92
271,Chumphon,TH,2022-10-03 20:05:33,10.3333,98.8333,70.03,98,99,2.19
272,Nishihara,JP,2022-10-03 20:05:33,26.1842,127.7558,79.88,83,20,3.44
273,Morant Bay,JM,2022-10-03 20:05:34,17.8815,-76.4093,87.42,86,100,3.78
274,Pingzhuang,CN,2022-10-03 20:05:35,42.0372,119.2889,33.93,38,0,14.61
275,Vieques,PR,2022-10-03 20:05:35,18.425,-65.8329,87.85,70,40,14.97
276,Khandyga,RU,2022-10-03 20:05:36,62.6667,135.6,18.75,72,27,3.18
277,Lompoc,US,2022-10-03 20:05:36,34.6391,-120.4579,85.01,69,0,16.11
278,Deming,US,2022-10-03 20:05:37,32.2687,-107.7586,78.69,31,0,9.22
279,Oswego,US,2022-10-03 20:05:37,43.4501,-76.1497,59.95,55,100,4.0
280,Porkhov,RU,2022-10-03 20:05:38,57.765,29.5561,44.33,97,100,9.8
281,Corozal,CO,2022-10-03 20:05:38,9.3151,-75.2928,88.0,63,49,4.03
282,Saldanha,ZA,2022-10-03 20:06:39,-33.0117,17.9442,58.3,75,0,8.16
283,Nanortalik,GL,2022-10-03 20:06:40,60.1432,-45.2371,36.86,71,7,14.41
284,Vermilion,US,2022-10-03 20:06:40,40.1667,-87.7506,72.19,26,0,6.91
285,Xining,CN,2022-10-03 20:05:30,36.6167,101.7667,41.54,54,100,2.53
286,Luquillo,PR,2022-10-03 20:06:41,18.3725,-65.7166,87.76,62,0,6.91
287,San Cristobal,VE,2022-10-03 20:06:42,7.7669,-72.225,82.58,45,21,6.78
288,Praia,CV,2022-10-03 20:06:42,14.9215,-23.5087,79.34,83,40,14.97
289,Dudinka,RU,2022-10-03 20:06:43,69.4058,86.1778,30.9,84,100,24.29
290,Tambopata,PE,2022-10-03 20:06:43,-12.7333,-69.1833,94.89,41,20,3.44
291,Neepawa,CA,2022-10-03 20:03:10,50.2289,-99.4664,72.01,38,55,6.82
292,Morondava,MG,2022-10-03 20:06:44,-20.2833,44.2833,74.59,81,0,11.65
293,San Lorenzo,PY,2022-10-03 20:06:44,-25.3333,-57.5333,81.54,34,0,9.22
294,Baruun-Urt,MN,2022-10-03 20:06:45,46.6806,113.2792,24.13,48,1,6.6
295,Imeni Poliny Osipenko,RU,2022-10-03 20:06:45,52.4201,136.4853,33.53,61,100,14.29
296,Pangnirtung,CA,2022-10-03 20:06:46,66.1451,-65.7125,35.64,50,100,6.51
297,Hovd,MN,2022-10-03 20:06:47,48.0056,91.6419,23.92,36,0,2.51
298,Oranjestad,AW,2022-10-03 20:05:47,12.524,-70.027,84.02,77,7,18.5
299,Aykhal,RU,2022-10-03 20:06:47,66.0,111.5,10.09,98,98,4.59
300,Ouesso,CG,2022-10-03 20:06:48,1.6136,16.0517,69.67,95,100,1.7
301,Onokhino,RU,2022-10-03 20:06:48,56.925,65.5394,53.92,56,100,9.86
302,Mindelo,CV,2022-10-03 20:06:49,16.8901,-24.9804,78.35,69,75,19.57
303,Manggar,ID,2022-10-03 20:06:50,-2.8833,108.2667,77.7,85,77,2.26
304,Kiboga,UG,2022-10-03 20:06:50,0.9161,31.7742,62.15,96,100,0.6
305,Kapit,MY,2022-10-03 20:06:51,2.0167,112.9333,73.35,100,100,1.12
306,Sokoto,NG,2022-10-03 20:06:52,13.0609,5.239,84.63,61,2,9.24
307,Areosa,PT,2022-10-03 20:06:52,41.7178,-8.8571,64.06,74,4,6.35
308,Alofi,NU,2022-10-03 20:06:52,-19.0595,-169.9187,80.49,74,40,13.8
309,Pervomayskoye,RU,2022-10-03 20:06:53,43.919,46.7102,62.71,69,21,6.64
310,Usinsk,RU,2022-10-03 20:06:53,65.9939,57.5281,40.08,74,100,7.27
311,Wenshang,CN,2022-10-03 20:06:54,35.7275,116.4961,53.31,65,100,15.35
312,Jasper,US,2022-10-03 20:04:46,37.2001,-94.3502,85.68,26,0,6.91
313,Mayo,US,2022-10-03 20:06:55,38.8876,-76.5119,51.75,89,100,13.8
314,Namibe,AO,2022-10-03 20:06:55,-15.1961,12.1522,67.3,84,100,1.3
315,Ous,RU,2022-10-03 20:06:55,60.9058,61.5186,48.45,94,100,6.22
316,Maldonado,UY,2022-10-03 20:03:34,-34.6667,-54.9167,56.23,63,3,12.91
317,Praia Da Vitoria,PT,2022-10-03 20:06:56,38.7333,-27.0667,72.75,92,100,8.5
318,Maniitsoq,GL,2022-10-03 20:06:56,65.4167,-52.9,34.7,70,12,5.3
319,Campbell River,CA,2022-10-03 20:06:57,50.0163,-125.2446,69.6,51,0,3.91
320,Kattivakkam,IN,2022-10-03 20:06:57,13.2167,80.3167,84.29,66,100,8.03
321,Nosy Varika,MG,2022-10-03 20:06:57,-20.5833,48.5333,67.68,82,0,10.33
322,Saskylakh,RU,2022-10-03 20:06:58,71.9167,114.0833,15.35,96,99,5.73
323,Oleksandrivka,UA,2022-10-03 20:06:58,48.9634,32.2349,50.92,74,87,17.25
324,Amga,RU,2022-10-03 20:06:59,60.8953,131.9608,23.25,89,95,4.72
325,Sola,VU,2022-10-03 20:06:59,-13.8833,167.55,80.4,73,20,10.27
326,Bonavista,CA,2022-10-03 20:07:00,48.6499,-53.1147,49.44,44,22,11.39
327,Dublin,US,2022-10-03 20:07:00,37.7021,-121.9358,81.25,54,0,11.5
328,Surt,LY,2022-10-03 20:08:01,31.2089,16.5887,77.22,68,78,12.88
329,Zyryanka,RU,2022-10-03 20:08:01,65.75,150.85,23.07,95,99,6.62
330,Sindor,RU,2022-10-03 20:08:02,62.8629,51.8905,42.15,96,100,5.19
331,Thinadhoo,MV,2022-10-03 20:08:02,0.5333,72.9333,82.53,72,100,14.88
332,Vestmannaeyjar,IS,2022-10-03 20:08:03,63.4427,-20.2734,50.45,83,100,21.68
333,Maragogi,BR,2022-10-03 20:08:04,-9.0122,-35.2225,76.03,72,4,8.46
334,Conde,BR,2022-10-03 20:08:04,-7.2597,-34.9075,78.26,69,0,17.27
335,Vardo,NO,2022-10-03 20:08:05,70.3705,31.1107,39.18,81,75,3.44
336,Mapastepec,MX,2022-10-03 20:08:06,15.4333,-92.9,84.61,74,27,4.59
337,Borogontsy,RU,2022-10-03 20:08:06,62.6683,131.1683,19.63,96,81,3.8
338,Hasaki,JP,2022-10-03 20:08:07,35.7333,140.8333,76.21,69,24,15.08
339,Labuhan,ID,2022-10-03 20:08:07,-6.8844,112.2051,77.4,86,56,11.68
340,Rio De Janeiro,BR,2022-10-03 20:08:08,-22.9028,-43.2075,71.6,80,75,10.36
341,Ko Samui,TH,2022-10-03 20:08:09,9.5357,99.9357,80.83,74,98,4.56
342,Namatanai,PG,2022-10-03 20:08:09,-3.6667,152.4333,78.6,78,100,4.81
343,Ayagoz,KZ,2022-10-03 20:08:10,47.9714,80.4392,35.49,34,7,13.31
344,Beringovskiy,RU,2022-10-03 20:08:10,63.05,179.3167,34.97,90,100,9.69
345,Montrose,US,2022-10-03 20:08:11,38.4166,-108.2673,53.51,51,84,4.68
346,Olafsvik,IS,2022-10-03 20:08:11,64.8945,-23.7142,46.2,72,100,16.33
347,Oranjemund,NA,2022-10-03 20:08:12,-28.55,16.4333,58.06,93,24,14.0
348,Pevek,RU,2022-10-03 20:08:14,69.7008,170.3133,28.45,77,100,8.95
349,Simpang,ID,2022-10-03 20:08:14,-1.2667,104.0833,74.77,94,99,1.72
350,Ruwi,OM,2022-10-03 20:08:14,23.5996,58.5507,83.89,61,0,5.06
351,Saint-Pierre,RE,2022-10-03 20:08:15,-21.3393,55.4781,71.28,78,100,2.3
352,Fortuna,US,2022-10-03 20:08:15,40.5982,-124.1573,59.34,60,6,6.58
353,Frechen,DE,2022-10-03 20:08:16,50.9167,6.8167,55.81,82,75,1.14
354,Bolshoy Lug,RU,2022-10-03 20:08:18,52.0779,104.0919,24.98,75,100,1.41
355,Busayra,JO,2022-10-03 20:08:18,30.7376,35.6078,69.19,49,0,3.15
356,Kumylzhenskaya,RU,2022-10-03 20:08:19,49.8809,42.5898,55.22,61,52,7.99
357,Hervey Bay,AU,2022-10-03 20:08:19,-25.2986,152.8535,64.08,63,0,8.21
358,Patharia,IN,2022-10-03 20:08:20,23.9,79.2,74.01,67,32,6.13
359,Chernyshevsk,RU,2022-10-03 20:08:20,52.5243,117.0174,21.97,47,5,1.83
360,Bam,IR,2022-10-03 20:08:21,29.106,58.357,78.31,18,0,4.25
361,Nieuw Amsterdam,SR,2022-10-03 20:08:21,5.8833,-55.0833,77.16,89,40,9.22
362,New Norfolk,AU,2022-10-03 20:08:21,-42.7826,147.0587,46.92,75,79,1.01
363,Thompson,CA,2022-10-03 20:08:21,55.7435,-97.8558,57.87,33,100,5.99
364,San Patricio,US,2022-10-03 20:05:50,28.017,-97.5169,86.18,29,100,5.93
365,Encheng,CN,2022-10-03 20:08:23,22.1839,112.3026,75.81,95,2,0.76
366,Salym,RU,2022-10-03 20:08:24,60.0625,71.4789,41.29,91,100,11.92
367,Trairi,BR,2022-10-03 20:05:43,-3.2778,-39.2689,80.11,69,10,13.27
368,Boende,CD,2022-10-03 20:08:24,-0.2167,20.8667,73.65,87,93,3.4
369,Ipixuna,BR,2022-10-03 20:08:25,-1.7625,-48.8043,85.69,63,74,5.23
370,Boueni,YT,2022-10-03 20:08:25,-12.9025,45.0761,73.38,68,10,4.92
371,Huarmey,PE,2022-10-03 20:08:26,-10.0681,-78.1522,68.49,72,10,11.65
372,Chifeng,CN,2022-10-03 20:08:27,42.2683,118.9636,33.28,38,0,12.91
373,Oussouye,SN,2022-10-03 20:09:27,12.485,-16.5469,82.58,83,100,4.32
374,Tias,ES,2022-10-03 20:09:28,28.9611,-13.645,76.68,57,0,11.5
375,Srednekolymsk,RU,2022-10-03 20:09:28,67.45,153.6833,23.72,86,98,3.42
376,Baker City,US,2022-10-03 20:09:28,44.7749,-117.8344,72.59,35,0,4.61
377,Salalah,OM,2022-10-03 20:09:29,17.0151,54.0924,78.89,78,40,3.44
378,Didwana,IN,2022-10-03 20:09:29,27.4,74.5667,79.36,45,1,7.78
379,Talnakh,RU,2022-10-03 20:09:30,69.4865,88.3972,34.21,90,100,17.98
380,Prachuap Khiri Khan,TH,2022-10-03 20:09:30,12.2167,99.75,78.58,98,100,2.77
381,Caronport,CA,2022-10-03 20:09:31,50.4501,-105.8179,70.27,42,24,6.49
382,Port Hawkesbury,CA,2022-10-03 20:09:31,45.6169,-61.3485,55.81,59,5,8.01
383,Klyuchi,RU,2022-10-03 20:09:32,52.2667,79.1667,33.44,68,0,7.34
384,Yarim,YE,2022-10-03 20:09:32,14.298,44.3779,57.94,63,59,1.61
385,Merauke,ID,2022-10-03 20:09:33,-8.4667,140.3333,78.28,88,92,11.21
386,Novopokrovka,UA,2022-10-03 20:09:34,49.8425,36.5477,52.43,68,48,14.58
387,Port Augusta,AU,2022-10-03 20:09:34,-32.5,137.7667,68.31,46,100,12.33
388,Kloulklubed,PW,2022-10-03 20:09:35,7.0419,134.2556,77.5,79,100,12.71
389,Surgut,RU,2022-10-03 20:09:36,61.25,73.4167,41.18,86,40,11.18
390,Port Lincoln,AU,2022-10-03 20:09:36,-34.7333,135.8667,56.17,95,100,23.33
391,Luderitz,NA,2022-10-03 20:09:12,-26.6481,15.1594,61.0,73,0,21.83
392,Roald,NO,2022-10-03 20:09:37,62.5833,6.1333,54.91,82,75,10.36
393,Ajjampur,IN,2022-10-03 20:09:37,13.7281,76.0094,68.9,88,82,6.42
394,Ancud,CL,2022-10-03 20:09:38,-41.8697,-73.8203,49.01,88,100,9.19
395,Peniche,PT,2022-10-03 20:09:39,39.3558,-9.3811,68.07,91,0,9.26
396,Charlestown,AU,2022-10-03 20:07:47,-32.95,151.6667,51.73,91,96,3.0
397,Mogadishu,SO,2022-10-03 20:09:40,2.0371,45.3438,76.82,85,81,14.56
398,Verkhniy Rohachyk,UA,2022-10-03 20:09:41,47.2505,34.338,54.59,74,90,4.83
399,Abalak,RU,2022-10-03 20:09:41,58.1286,68.5944,46.87,50,100,11.65
400,Itoman,JP,2022-10-03 20:09:41,26.1247,127.6694,80.62,81,20,3.44
401,Nantucket,US,2022-10-03 20:06:23,41.2835,-70.0995,57.31,76,100,24.16
402,Sorland,NO,2022-10-03 20:09:42,67.667,12.6934,48.06,87,94,22.64
403,Birjand,IR,2022-10-03 20:09:42,32.8663,59.2211,65.16,31,0,2.71
404,Nandi,IN,2022-10-03 20:09:43,13.3855,77.6984,72.72,79,100,5.75
405,Chimbote,PE,2022-10-03 20:09:45,-9.0853,-78.5783,66.78,73,11,11.95
406,Berlevag,NO,2022-10-03 20:09:45,70.8578,29.0864,39.2,93,0,3.44
407,Ostrovnoy,RU,2022-10-03 20:09:29,68.0531,39.5131,43.52,91,100,10.07
408,Bemidji,US,2022-10-03 20:05:39,47.4736,-94.8803,71.06,52,0,6.91
409,Half Moon Bay,US,2022-10-03 20:08:00,37.4636,-122.4286,78.82,63,0,13.8
410,Christchurch,NZ,2022-10-03 20:06:24,-43.5333,172.6333,51.42,81,6,10.36
411,Bergen,NO,2022-10-03 20:09:46,60.392,5.328,54.09,87,75,9.22
412,Bilma,NE,2022-10-03 20:09:47,18.6853,12.9164,92.05,13,0,4.18
413,Torbay,CA,2022-10-03 20:09:47,47.6666,-52.7314,49.57,60,42,5.01
414,Kaniama,CD,2022-10-03 20:09:48,-7.5667,24.1833,67.44,81,100,1.66
415,Itacoatiara,BR,2022-10-03 20:09:48,-3.1431,-58.4442,88.9,49,89,1.83
416,Montague,US,2022-10-03 20:05:06,42.5356,-72.5351,57.18,67,100,7.72
417,Loubomo,CG,2022-10-03 20:09:49,-4.1997,12.6739,73.31,88,83,6.96
418,Liwale,TZ,2022-10-03 20:09:49,-9.7667,37.9333,68.38,65,0,4.72
419,Murray Bridge,AU,2022-10-03 20:09:50,-35.1167,139.2667,57.13,88,100,7.78
420,Vanimo,PG,2022-10-03 20:10:50,-2.6741,141.3028,76.82,89,67,5.41
421,Nouakchott,MR,2022-10-03 20:10:51,18.0858,-15.9785,82.33,61,14,6.69
422,Watertown,US,2022-10-03 20:08:23,42.3709,-71.1828,55.04,64,100,17.27
423,Oriximina,BR,2022-10-03 20:10:51,-1.7656,-55.8661,93.74,36,100,5.91
424,Kaitangata,NZ,2022-10-03 20:10:52,-46.2817,169.8464,40.24,69,100,6.78
425,Aitape,PG,2022-10-03 20:10:52,-3.1374,142.3475,77.54,86,8,5.57
426,Quartucciu,IT,2022-10-03 20:10:52,39.2519,9.1794,71.04,68,0,11.5
427,Kolokani,ML,2022-10-03 20:09:16,13.5728,-8.0339,82.72,54,13,5.64
428,Aqtobe,KZ,2022-10-03 20:10:53,50.2797,57.2072,39.29,45,0,0.0
429,Buchanan,LR,2022-10-03 20:10:53,5.8808,-10.0467,75.63,90,84,3.38
430,Udachnyy,RU,2022-10-03 20:10:54,66.4167,112.4,7.07,98,98,3.8
431,Dong Hoi,VN,2022-10-03 20:10:55,17.4833,106.6,78.48,85,24,2.39
432,Sajanan,TN,2022-10-03 20:10:55,37.0573,9.2426,67.32,83,98,6.42
433,Misratah,LY,2022-10-03 20:10:56,32.3754,15.0925,77.09,67,100,14.03
434,Westport,US,2022-10-03 20:09:12,41.1415,-73.3579,54.63,68,20,19.57
435,Libertador General San Martin,AR,2022-10-03 20:10:56,-23.8064,-64.7876,85.37,30,23,7.96
436,Muriwai Beach,NZ,2022-10-03 20:10:57,-36.8167,174.45,56.43,94,100,8.95
437,Gat,IL,2022-10-03 20:10:57,31.61,34.7642,78.4,100,0,3.76
438,Antofagasta,CL,2022-10-03 20:10:58,-23.65,-70.4,60.08,70,13,7.38
439,San Policarpo,PH,2022-10-03 20:10:58,12.1791,125.5072,81.1,78,100,3.49
440,Salinopolis,BR,2022-10-03 20:10:59,-0.6136,-47.3561,82.08,73,60,13.42
441,Kudowa-Zdroj,PL,2022-10-03 20:10:59,50.443,16.244,52.92,92,83,4.12
442,Kandri,IN,2022-10-03 20:11:00,21.4167,79.2667,80.17,76,100,6.44
443,Dodge City,US,2022-10-03 20:11:00,37.7528,-100.0171,82.71,23,0,17.27
444,Alice Springs,AU,2022-10-03 20:11:00,-23.7,133.8833,65.75,94,75,5.75
445,Martapura,ID,2022-10-03 20:11:01,-3.4167,114.85,77.09,94,100,2.3
446,Savannah Bight,HN,2022-10-03 20:11:01,16.45,-85.85,83.12,65,100,11.1
447,Dzilam Gonzalez,MX,2022-10-03 20:11:02,21.2833,-88.9333,84.99,57,38,8.55
448,Kindu,CD,2022-10-03 20:11:02,-2.95,25.95,69.8,96,38,1.54
449,Grajau,BR,2022-10-03 20:11:03,-5.8194,-46.1386,100.65,17,20,5.99
450,Auki,SB,2022-10-03 20:11:03,-8.7676,160.7034,78.04,85,99,4.36
451,Araouane,ML,2022-10-03 20:11:04,18.9048,-3.5265,100.38,16,14,5.3
452,Jalu,LY,2022-10-03 20:11:05,29.0331,21.5482,75.38,59,0,17.11
453,Katsuura,JP,2022-10-03 20:09:16,35.1333,140.3,74.93,70,11,13.11
454,Monrovia,LR,2022-10-03 20:11:05,6.3005,-10.7969,78.57,89,49,4.23
455,Bella Union,UY,2022-10-03 20:11:06,-30.2752,-57.6007,72.97,49,0,11.68
456,Urengoy,RU,2022-10-03 20:11:06,65.9667,78.3667,37.85,92,100,19.75
457,Lagoa,PT,2022-10-03 20:11:07,39.05,-27.9833,69.62,79,100,8.12
458,Xingyi,CN,2022-10-03 20:11:07,24.1877,102.817,58.37,97,69,2.82
459,Sovetskaya Gavan,RU,2022-10-03 20:11:09,48.9723,140.2878,48.61,92,100,7.83
460,Joshimath,IN,2022-10-03 20:11:09,30.5667,79.5667,62.85,64,63,4.14
461,Selizharovo,RU,2022-10-03 20:11:10,56.8519,33.4487,41.14,96,100,11.07
462,Mahebourg,MU,2022-10-03 20:11:10,-20.4081,57.7,71.26,78,20,9.22
463,Puerto Madryn,AR,2022-10-03 20:09:50,-42.7692,-65.0385,63.01,46,100,21.47
464,Cockburn Town,TC,2022-10-03 20:10:56,21.4612,-71.1419,85.96,70,40,5.75
465,Cowra,AU,2022-10-03 20:11:11,-33.8333,148.6833,45.81,87,59,2.3
466,Sivaki,RU,2022-10-03 20:12:12,52.6333,126.75,26.04,57,18,11.81
467,Codrington,AU,2022-10-03 20:12:12,-38.2667,141.9667,51.24,86,92,14.56
468,Zaysan,KZ,2022-10-03 20:12:13,47.4667,84.8667,39.42,22,93,2.77
469,Northam,GB,2022-10-03 20:12:16,51.0333,-4.2167,58.6,93,60,8.7
470,Stornoway,GB,2022-10-03 20:12:16,58.2093,-6.3865,57.16,95,100,32.21
471,Havelock,US,2022-10-03 20:11:10,34.8791,-76.9013,57.94,85,100,4.0
472,Jiayuguan,CN,2022-10-03 20:12:17,39.8167,98.3,40.28,30,0,4.43
473,Starokorsunskaya,RU,2022-10-03 20:12:17,45.0573,39.3161,53.53,87,0,4.47
474,Viljoenskroon,ZA,2022-10-03 20:12:18,-27.2084,26.9485,73.35,19,0,6.96
475,Sangar,RU,2022-10-03 20:12:18,63.9242,127.4739,18.66,86,99,3.44
476,Carutapera,BR,2022-10-03 20:12:19,-1.195,-46.02,82.62,68,68,9.37
477,Pontianak,ID,2022-10-03 20:12:05,-0.0333,109.3333,75.18,94,20,2.3
478,Severnoye,RU,2022-10-03 20:12:20,56.3491,78.3619,31.14,71,45,4.7
479,Olopa,GT,2022-10-03 20:12:21,14.6833,-89.35,78.22,69,69,6.13
480,Pombas,CV,2022-10-03 20:12:08,17.1503,-25.0201,76.78,77,75,15.08
481,Sao Joao Da Barra,BR,2022-10-03 20:12:21,-21.6403,-41.0511,73.49,88,100,9.37
482,Sibi,PK,2022-10-03 20:12:21,29.5448,67.8764,87.21,36,0,3.78
483,Elliot Lake,CA,2022-10-03 20:12:22,46.3834,-82.6331,58.69,37,78,6.91
484,Sungaipenuh,ID,2022-10-03 20:12:22,-2.0833,101.3833,64.94,95,100,1.3
485,Velikiy Ustyug,RU,2022-10-03 20:12:23,60.7644,46.3106,51.91,97,100,7.02
486,Gandajika,CD,2022-10-03 20:12:23,-6.75,23.95,67.68,89,100,3.06
487,Hamilton,US,2022-10-03 20:07:50,39.1834,-84.5333,71.74,44,0,10.36
488,Jinka,ET,2022-10-03 20:12:24,5.65,36.65,67.15,63,98,1.97
489,Partizanskoye,RU,2022-10-03 20:12:24,55.5006,94.39,27.01,89,25,1.3
490,Caravelas,BR,2022-10-03 20:12:24,-17.7125,-39.2481,77.32,76,9,11.86
491,Arlit,NE,2022-10-03 20:12:25,18.7369,7.3853,96.89,11,1,8.81
492,Boa Esperanca Do Sul,BR,2022-10-03 20:12:25,-21.9925,-48.3908,83.48,46,44,6.2
493,Nhulunbuy,AU,2022-10-03 20:12:26,-12.2333,136.7667,75.81,94,44,3.44
494,Ayan,RU,2022-10-03 20:12:26,56.45,138.1667,34.11,57,99,13.18
495,Port-Gentil,GA,2022-10-03 20:12:27,-0.7193,8.7815,78.76,83,40,11.5
496,Zunyi,CN,2022-10-03 20:12:28,27.6867,106.9072,67.91,88,1,2.8
497,Sujiatun,CN,2022-10-03 20:12:28,41.6592,123.3392,41.18,52,0,13.42
498,Nadym,RU,2022-10-03 20:12:29,65.5333,72.5167,39.54,97,100,12.91
499,Mehamn,NO,2022-10-03 20:12:29,71.0357,27.8492,39.15,93,75,3.44
500,Buritizeiro,BR,2022-10-03 20:12:30,-17.3511,-44.9622,89.2,34,99,6.2
501,Mandan,US,2022-10-03 20:11:16,46.8267,-100.8896,72.37,73,0,9.22
502,Diego De Almagro,CL,2022-10-03 20:12:31,-26.3667,-70.05,74.79,15,0,8.46
503,Plettenberg Bay,ZA,2022-10-03 20:12:31,-34.0527,23.3716,58.51,75,100,9.06
504,Lagos,NG,2022-10-03 20:12:32,6.5833,3.75,76.44,91,26,4.99
505,Korcula,HR,2022-10-03 20:12:32,42.9622,17.1369,66.69,51,0,10.09
506,Krapivinskiy,RU,2022-10-03 20:12:33,54.9992,86.8133,29.84,74,16,1.5
507,Hirara,JP,2022-10-03 20:12:33,24.8,125.2833,81.07,74,1,8.59
508,Cidreira,BR,2022-10-03 20:13:34,-30.1811,-50.2056,61.63,63,24,16.02
509,Marawi,PH,2022-10-03 20:12:12,7.9986,124.2928,67.06,91,64,3.38
510,Sandpoint,US,2022-10-03 20:12:58,48.2766,-116.5533,74.86,57,9,2.98
511,South Valley,US,2022-10-03 20:13:35,35.0101,-106.6781,75.38,44,75,9.22
512,Taoudenni,ML,2022-10-03 20:13:35,22.6783,-3.9836,99.3,16,42,10.96
513,Paraiso,CR,2022-10-03 20:13:35,9.8383,-83.8656,71.42,81,65,3.69
514,Sainte-Rose,GP,2022-10-03 20:13:36,16.3324,-61.6979,86.04,66,75,9.22
515,Afrikanda,RU,2022-10-03 20:13:36,67.4429,32.7828,36.9,93,100,2.08
516,Celestun,MX,2022-10-03 20:13:37,20.8667,-90.4,82.6,65,35,13.02
517,Toro,CO,2022-10-03 20:13:38,4.6117,-76.0814,84.88,63,78,4.16
518,Klaksvik,FO,2022-10-03 20:13:38,62.2266,-6.589,50.92,93,100,34.76
519,Harindanga,IN,2022-10-03 20:13:40,22.0383,88.3214,77.5,95,100,3.6
520,Mangai,CD,2022-10-03 20:13:40,-4.05,19.5333,72.12,91,97,2.64
521,Chara,RU,2022-10-03 20:13:41,56.9064,118.2631,17.13,79,29,3.31
522,Punta Alta,AR,2022-10-03 20:11:24,-38.8759,-62.0736,72.37,36,100,14.72
523,Yantai,CN,2022-10-03 20:13:41,37.5333,121.4,54.64,61,97,32.03
524,Newport,GB,2022-10-03 20:11:21,51.5877,-2.9984,61.63,86,100,10.02
525,Trincomalee,LK,2022-10-03 20:13:42,8.5711,81.2335,80.02,76,71,19.28
526,Baykit,RU,2022-10-03 20:13:42,61.67,96.37,24.31,91,47,0.96
527,Lakhipur,IN,2022-10-03 20:13:43,26.0299,90.3041,74.79,95,100,4.36
528,Batsfjord,NO,2022-10-03 20:13:43,70.6345,29.7185,38.98,93,75,4.61
529,Mwinilunga,ZM,2022-10-03 20:13:44,-11.7358,24.4293,69.33,27,5,3.89
530,Gemena,CD,2022-10-03 20:13:44,3.25,19.7667,67.75,98,100,2.93
531,Medeiros Neto,BR,2022-10-03 20:13:45,-17.3739,-40.2206,84.99,51,56,16.02
532,Aksu,CN,2022-10-03 20:13:46,41.1231,80.2644,58.21,26,100,7.27
533,Tatarsk,RU,2022-10-03 20:13:46,55.219,75.9828,33.85,70,57,4.23
534,Broken Hill,AU,2022-10-03 20:13:47,-31.95,141.4333,64.54,36,97,14.25
535,Lucapa,AO,2022-10-03 20:13:48,-8.4192,20.7447,70.0,74,27,3.74
536,Tutoia,BR,2022-10-03 20:13:49,-2.7619,-42.2744,80.44,73,47,12.97
537,Lithgow,AU,2022-10-03 20:13:49,-33.4833,150.15,42.64,90,94,2.24
538,Mattru,SL,2022-10-03 20:13:50,7.6244,-11.8332,73.99,97,83,3.02
539,Pedernales,DO,2022-10-03 20:13:50,18.0384,-71.744,84.58,72,100,6.6
540,Sabha,LY,2022-10-03 20:13:50,27.0377,14.4283,79.09,21,5,13.27
541,Vilhena,BR,2022-10-03 20:13:51,-12.7406,-60.1458,88.66,40,43,0.49
542,Ulagan,RU,2022-10-03 20:13:51,50.6321,87.9563,21.65,67,0,2.95
543,Andradina,BR,2022-10-03 20:09:52,-20.8961,-51.3794,84.34,51,72,13.69
544,Portland,US,2022-10-03 20:13:52,45.5234,-122.6762,78.82,56,20,5.01
545,Numan,NG,2022-10-03 20:13:52,9.4667,12.0333,75.94,89,99,5.12
546,Bud,US,2022-10-03 20:13:52,39.447,-86.1758,73.67,28,0,10.67
547,Liepaja,LV,2022-10-03 20:13:53,56.5419,21.0367,51.78,76,20,10.36
548,Abatskoye,RU,2022-10-03 20:12:12,56.2875,70.4555,35.89,62,98,9.95
549,Neijiang,CN,2022-10-03 20:13:53,29.5835,105.0622,64.78,91,100,8.63
550,Yar-Sale,RU,2022-10-03 20:13:54,66.8333,70.8333,37.06,97,100,12.68
551,Sisimiut,GL,2022-10-03 20:13:54,66.9395,-53.6735,34.38,76,94,2.33
552,Mikuni,JP,2022-10-03 20:13:55,36.2171,136.1519,69.62,82,74,13.38
553,Ternate,ID,2022-10-03 20:14:55,0.8,127.4,79.79,81,98,3.51
554,Sept-Iles,CA,2022-10-03 20:10:40,50.2001,-66.3821,51.8,72,1,13.8
555,Zhezkazgan,KZ,2022-10-03 20:14:46,47.8043,67.7144,40.44,31,0,12.8
556,Vao,NC,2022-10-03 20:14:55,-22.6667,167.4833,69.08,64,43,13.82
557,Mastic Beach,US,2022-10-03 20:14:56,40.7668,-72.8521,53.78,83,100,5.75
558,Tautira,PF,2022-10-03 20:14:57,-17.7333,-149.15,76.66,80,18,20.0
559,Boden,SE,2022-10-03 20:14:57,65.8252,21.6886,44.6,94,89,1.63
560,Cairns,AU,2022-10-03 20:11:12,-16.9167,145.7667,75.15,87,75,5.75
561,Turukhansk,RU,2022-10-03 20:14:58,65.8167,87.9833,28.96,82,63,16.55
562,Kibala,TD,2022-10-03 20:14:58,9.1104,18.3463,74.7,88,100,1.52
563,Mahon,ES,2022-10-03 20:09:59,39.8885,4.2658,68.56,77,20,6.91
564,Tura,IN,2022-10-03 20:14:59,25.5198,90.2201,72.63,98,100,2.39
565,Oga,IT,2022-10-03 20:15:00,46.4631,10.347,50.68,77,53,5.82
566,Valdosta,US,2022-10-03 20:12:56,30.8327,-83.2785,73.69,54,75,13.8
567,Seoul,KR,2022-10-03 20:10:48,37.5683,126.9778,70.99,94,100,7.07
568,Knysna,ZA,2022-10-03 20:15:00,-34.0363,23.0471,59.72,74,100,7.92
569,Necochea,AR,2022-10-03 20:15:01,-38.5473,-58.7368,58.35,52,38,18.05
570,Veraval,IN,2022-10-03 20:15:01,20.9,70.3667,79.65,78,3,7.25
571,Bandipur,NP,2022-10-03 20:15:02,27.9333,84.4167,64.85,92,16,1.23
572,Ishigaki,JP,2022-10-03 20:15:02,24.3448,124.1572,75.33,94,20,1.14
573,Beloha,MG,2022-10-03 20:15:02,-25.1667,45.05,66.92,82,0,2.82
574,Dickinson,US,2022-10-03 20:13:48,29.4608,-95.0513,89.17,35,0,9.22
575,Saint Anthony,US,2022-10-03 20:13:36,45.0205,-93.218,76.66,45,0,12.66
576,Geraldton,AU,2022-10-03 20:15:03,-28.7667,114.6,55.81,67,0,10.36
